Limb,Total Touches,Touch Durations [Frames],Total Duration [Frames],Average Touch Duration [Frames],Percentage Touching,Touch Rate [Touch per 100 Frames],Standart Deviation [Frames]
LH,0,[],0,0.0,0.0,0.0,
RH,4,"[19, 4, 6]",29,9.666666666666666,8.950617283950617,0.9259259259259259,8.144527815247077
LL,1,[3],3,3.0,0.9259259259259258,0.30864197530864196,
RL,0,[],0,0.0,0.0,0.0,
Combined,5,,32,6.4,9.876543209876543,1.5432098765432098,7.438637868140466
