Limb,Total Touches,Touch Durations [Frames],Total Duration [Frames],Average Touch Duration [Frames],Percentage Touching,Touch Rate [Touch per 100 Frames],Standart Deviation [Frames]
LH,2,"[11, 10]",21,10.5,6.481481481481481,0.6172839506172839,0.7071067811865476
RH,8,"[30, 34, 25, 60, 6, 3, 10, 29]",197,24.625,60.802469135802475,2.4691358024691357,18.577540203159298
LL,1,[13],13,13.0,4.012345679012346,0.30864197530864196,
RL,1,[31],31,31.0,9.5679012345679,0.30864197530864196,
Combined,12,,262,21.833333333333332,80.8641975308642,3.7037037037037033,16.230349423972438
