Limb,Total Touches,Touch Durations [Seconds],Total Duration [Seconds],Average Touch Duration [Seconds],Percentage Touching [Seconds],Touch Rate [Touches per 100 Seconds],Standart Deviation [Seconds]
LH,2,"[0.44, 0.4]",0.84,0.42,6.481481481481481,15.432098765432098,0.0282842712474619
RH,8,"[1.2, 1.36, 1.0, 2.4, 0.24, 0.12, 0.4, 1.16]",7.88,0.985,60.80246913580246,61.72839506172839,0.7431016081263719
LL,2,"[1.32, 0.52]",1.84,0.92,14.19753086419753,15.432098765432098,0.565685424949238
RL,1,[1.24],1.24,1.24,9.5679012345679,7.716049382716049,
Combined,13,,11.8,0.9076923076923078,91.0493827160494,100.30864197530865,0.6338000979035614
