Limb,Total Touches,Touch Durations [Seconds],Total Duration [Seconds],Average Touch Duration [Seconds],Percentage Touching [Seconds],Touch Rate [Touches per 100 Seconds],Standart Deviation [Seconds]
LH,2,"[0.44, 0.4]",0.84,0.42,6.481481481481481,15.432098765432098,0.0282842712474619
RH,8,"[1.2, 1.36, 1.0, 2.4, 0.24, 0.12, 0.4, 1.16]",7.88,0.985,60.80246913580246,61.72839506172839,0.7431016081263719
LL,1,[0.52],0.52,0.52,4.012345679012346,7.716049382716049,
RL,1,[1.24],1.24,1.24,9.5679012345679,7.716049382716049,
Combined,12,,10.48,0.8733333333333334,80.86419753086419,92.59259259259258,0.6492139769588975
