Limb,Total Touches,Touch Durations [Seconds],Total Duration [Seconds],Average Touch Duration [Seconds],Percentage Touching [Seconds],Touch Rate [Touches per Minute],Standart Deviation [Seconds]
LH,2,"[0.08, 0.04]",0.12,0.06,0.9259259259259258,9.25925925925926,0.0282842712474619
RH,3,"[0.2, 0.16]",0.36,0.18,2.7777777777777777,9.25925925925926,0.0282842712474619
LL,0,[],0.0,0.0,0.0,0.0,
RL,0,[],0.0,0.0,0.0,0.0,
Combined,5,,0.48,0.096,3.7037037037037033,23.14814814814815,0.07302967433402215
