Limb,Total Touches,Touch Durations [Frames],Total Duration [Frames],Average Touch Duration [Frames],Percentage Touching,Touch Rate [Touch per 100 Frames],Standart Deviation [Frames]
LH,2,"[2, 1]",3,1.5,0.9259259259259258,0.6172839506172839,0.7071067811865476
RH,3,"[5, 4]",9,4.5,2.7777777777777777,0.6172839506172839,0.7071067811865476
LL,0,[],0,0.0,0.0,0.0,
RL,0,[],0,0.0,0.0,0.0,
Combined,5,,12,2.4,3.7037037037037033,1.5432098765432098,1.8257418583505538
