Limb,Total Touches,Touch Durations [Frames],Total Duration [Frames],Average Touch Duration [Frames],Percentage Touching,Touch Rate [Touch per 100 Frames],Standart Deviation [Frames]
LH,2,"[11, 10]",21,10.5,6.481481481481481,0.6172839506172839,0.7071067811865476
RH,8,"[30, 34, 25, 60, 6, 3, 10, 29]",197,24.625,60.802469135802475,2.4691358024691357,18.577540203159298
LL,2,"[33, 13]",46,23.0,14.19753086419753,0.6172839506172839,14.142135623730951
RL,1,[31],31,31.0,9.5679012345679,0.30864197530864196,
Combined,13,,295,22.692307692307693,91.0493827160494,4.012345679012346,15.845002447589037
